{"cameraMode":{"drawMode":0,"name":"Shaded","section":"Shading Mode"},"sceneLighting":false,"audioPlay":false,"sceneViewState":{"showFog":false,"showMaterialUpdate":false,"showSkybox":false,"showFlares":false,"showImageEffects":true,"showParticleSystems":false},"in2DMode":false,"pivot":{"x":0.0009168684482574463,"y":-0.1784048080444336,"z":0.23253627121448518},"rotation":{"x":0.3554331064224243,"y":0.5700474381446838,"z":-0.29894939064979555,"w":0.6777492165565491},"size":0.3964250981807709,"orthographic":false}