{"cameraMode":{"drawMode":0,"name":"Shaded","section":"Shading Mode"},"sceneLighting":false,"audioPlay":false,"sceneViewState":{"showFog":false,"showMaterialUpdate":false,"showSkybox":true,"showFlares":false,"showImageEffects":true,"showParticleSystems":false},"in2DMode":false,"pivot":{"x":52.642539978027347,"y":-119.00846862792969,"z":-82.73828125},"rotation":{"x":0.11271663010120392,"y":0.8749048113822937,"z":-0.40210792422294619,"w":0.2452501803636551},"size":186.07769775390626,"orthographic":false}