{"cameraMode":{"drawMode":0,"name":"Shaded","section":"Shading Mode"},"sceneLighting":false,"audioPlay":false,"sceneViewState":{"showFog":false,"showMaterialUpdate":false,"showSkybox":false,"showFlares":false,"showImageEffects":true,"showParticleSystems":false},"in2DMode":false,"pivot":{"x":0.12775421142578126,"y":4.784049987792969,"z":0.005105853080749512},"rotation":{"x":0.4054371118545532,"y":-0.12686309218406678,"z":0.05693472549319267,"w":0.9034902453422546},"size":4.948626518249512,"orthographic":false}