{"cameraMode":{"drawMode":0,"name":"Shaded","section":"Shading Mode"},"sceneLighting":false,"audioPlay":false,"sceneViewState":{"showFog":false,"showMaterialUpdate":false,"showSkybox":false,"showFlares":false,"showImageEffects":true,"showParticleSystems":false},"in2DMode":false,"pivot":{"x":0.0,"y":1.148146390914917,"z":0.028115734457969667},"rotation":{"x":0.0034019199665635826,"y":-0.9876205921173096,"z":0.15533073246479035,"w":0.02163049578666687},"size":1.3543709516525269,"orthographic":false}